{
    "galeria": {
      "imagen": [
        {
          "titulo": "Imagen 01: ",
          "descripcion": "Esto es una prueba de texto descriptivo",
          "url": "imagen/Imagen_0.jpg"
        },
        {
          "titulo": "Imagen 02: ",
          "descripcion": "Esto es una prueba de texto descriptivo",
          "url": "imagen/Imagen_5.jpg"
        },
        {
          "titulo": "Imagen 03: ",
          "descripcion": "Esto es una prueba de texto descriptivo",
          "url": "imagen/Imagen_11.jpg"
        },
        {
            "titulo": "Imagen 04: ",
            "descripcion": "Esto es una prueba de texto descriptivo",
            "url": "imagen/Imagen_12.jpg"
        }
      ]
    }
  }