<?xml version="1.0" encoding="UTF-8"?>
<galeria>
    <imagen>
        <titulo>Imagen 01</titulo>
        <descripcion>Esto es una preuba de texto descriptivo</descripcion>
        <url>imagen/Imagen_0.jpg</url>
    </imagen>
    <imagen>
        <titulo>Imagen 03</titulo>
        <descripcion>Esto es una prueba de texto descriptivo</descripcion>
        <url>imagen/Imagen_5.jpg</url>
    </imagen>
    <imagen>
        <titulo>Imagen 03</titulo>
        <descripcion>Esto es una prueba de texto descriptivo</descripcion>
        <url>imagen/Imagen_11.jpg</url>
    </imagen>
    <imagen>
        <titulo>Imagen 04</titulo>
        <descripcion>Esto es una prueba de texto descriptivo</descripcion>
        <url>imagen/Imagen_12.jpg</url>
    </imagen>
    <imagen>
        <titulo>Imagen 05</titulo>
        <descripcion>Esto es una prueba de texto descriptivo</descripcion>
        <url>imagen/Imagen_13.jpg</url>
    </imagen>
    <imagen>
        <titulo>Imagen 06</titulo>
        <descripcion>Esto es una prueba de texto descriptivo</descripcion>
        <url>imagen/Imagen_14.jpg</url>
    </imagen>
        <imagen>
        <titulo>Imagen 07</titulo>
        <descripcion>Esto es una prueba de texto descriptivo</descripcion>
        <url>imagen/Imagen_15.jpg</url>
    </imagen>
</galeria>